1,<a class="ranking_title" href="/qna/detail.nhn?d1id=11&amp;dirId=110304&amp;docId=174246538" onclick="nhn.Kin.Utility.nClicks('hrk.list', '', '', event);" target="_blank">알짜힘의 예...</a>
2,<a class="ranking_title" href="/qna/detail.nhn?d1id=3&amp;dirId=30208&amp;docId=384056007" onclick="nhn.Kin.Utility.nClicks('hrk.list', '', '', event);" target="_blank">베토벤 노래 찾기</a>
3,<a class="ranking_title" href="/qna/detail.nhn?d1id=1&amp;dirId=10403&amp;docId=375924133" onclick="nhn.Kin.Utility.nClicks('hrk.list', '', '', event);" target="_blank">밸런스게임 질문좀 주세요~~ㅎㅎ</a>
7,<a class="ranking_title" href="/qna/detail.nhn?d1id=1&amp;dirId=1061203&amp;docId=390736843" onclick="nhn.Kin.Utility.nClicks('hrk.list', '', '', event);" target="_blank">인스타그램 해시태그</a>
8,<a class="ranking_title" href="/qna/detail.nhn?d1id=5&amp;dirId=5010601&amp;docId=377551367" onclick="nhn.Kin.Utility.nClicks('hrk.list', '', '', event);" target="_blank">인스타 글씨체</a>
9,<a class="ranking_title" href="/qna/detail.nhn?d1id=8&amp;dirId=8&amp;docId=262314266" onclick="nhn.Kin.Utility.nClicks('hrk.list', '', '', event);" target="_blank">간장공장공장장은 이런거 뭐뭐있어요?</a>
4,<a class="ranking_title" href="/qna/detail.nhn?d1id=1&amp;dirId=1061203&amp;docId=392077788" onclick="nhn.Kin.Utility.nClicks('hrk.list', '', '', event);" target="_blank">인스타 해시태그 주세요 !</a>
5,<a class="ranking_title" href="/qna/detail.nhn?d1id=1&amp;dirId=1061203&amp;docId=390995590" onclick="nhn.Kin.Utility.nClicks('hrk.list', '', '', event);" target="_blank">인스타 폰트, 하트 특수기호</a>
6,<a class="ranking_title" href="/qna/detail.nhn?d1id=11&amp;dirId=11080501&amp;docId=384783687" onclick="nhn.Kin.Utility.nClicks('hrk.list', '', '', event);" target="_blank">중국 숫자암호 다 써주세요</a>
10,<a class="ranking_title" href="/qna/detail.nhn?d1id=8&amp;dirId=814&amp;docId=245169485" onclick="nhn.Kin.Utility.nClicks('hrk.list', '', '', event);" target="_blank">치타 자식몇마리낳나요</a>
